[
 {
    "mail": "test@contractor.murphyoilcorp.com",
    "lastLogonTimestamp": "131666259140604419",
    "postalCode": "77024",
    "division": "Administration",
    "msExchRecipientTypeDetails": "2147483648",
    "msExchRemoteRecipientType": "3",
    "msExchRecipientDisplayType": "-2147483642",
    "msExchVersion": "88218628259840",
    "userAccountControl": "66048",
    "legacyExchangeDN": "/o=Murphy Oil/ou=Exchange Administrative Group (FYDIBOHF23SPDLT)/cn=Recipients/cn=dcd878a431fd4342a964bac18ee900a1-test",
    "mailNickname": "test",
    "ipPhone": "+12817175092",
    "physicalDeliveryOfficeName": "10.027B",
    "whenCreated": "20150707184339.0Z",
    "extensionAttribute2": "Active",
    "uSNChanged": "72635758",
    "extensionAttribute1": "Houston - 0190",
    "sAMAccountName": "sasalrx",
    "givenName": "test",
    "objectClass": "top",
    "proxyAddresses": "x500:/o=ExchangeLabs/ou=Exchange Administrative Group (FYDIBOHF23SPDLT)/cn=Recipients/cn=fb1559f8f2ac4cc89196ea6854074152-Ravindranat",
    "whenChanged": "20180327121702.0Z",
    "msExchArchiveGUID": "\"???^?D???d1???",
    "name": "test test1 (Contractor)",
    "objectSid": "\u0001\u0005\u0000\u0000\u0000\u0000\u0000\u0005\u0015\u0000\u0000\u0000?\bV?H?\u000f?t??pP\u0000\u0000",
    "msDS-cloudExtensionAttribute14": "MOC-2d6ba55c-bf6f-4000-b02c-6b082271ae6c",
    "msDS-cloudExtensionAttribute12": "90500453",
    "pwdLastSet": "131447825895521311",
    "objectCategory": "CN=Person,CN=Schema,CN=Configuration,DC=murphyoilcorp,DC=com",
    "displayName": "test test1 (Contractor)",
    "targetAddress": "SMTP:test@murphyoil.onmicrosoft.com",
    "description": "Accenture, test test1; 20151868 - Mike Orr SAP Project",
    "distinguishedName": "CN=test test1 (Contractor),OU=Consultants,OU=Houston,DC=hou,DC=murphyoilcorp,DC=com",
    "employeeID": "6000526",
    "title": "PRA Consultant (20000789)",
    "showInAddressBook": "CN=All Users,CN=All Address Lists,CN=Address Lists Container,CN=Murphy Oil,CN=Microsoft Exchange,CN=Services,CN=Configuration,DC=murphyoilcorp,DC=com",
    "thumbnailPhoto": "[B@fcd3e5d",
    "objectGUID": "\\?k-o?\u0000@?,k\b\"q?l",
    "dSCorePropagationData": "20180226162948.0Z",
    "company": "Accenture",
    "uSNCreated": "8930604",
    "memberOf": "CN=UAA_ITC,OU=M-FilesGroups,DC=murphyoilcorp,DC=com",
    "sn": "test1",
    "department": "IT",
    "userPrincipalName": "test@contractor.murphyoilcorp.com",
    "st": "Texas",
    "c": "USA",
    "manager": "CN=test test1,OU=Houston,DC=hou,DC=murphyoilcorp,DC=com",
    "instanceType": "0",
    "msExchArchiveStatus": "1",
    "msExchUserHoldPolicies": "98E9BABD09A04bcf8455A58C2AA74182365",
    "cn": "test test1 (Contractor)",
    "co": "United States",
    "l": "Houston",
    "msExchArchiveName": "In-Place Archive - test test1 (Contractor)",
    "streetAddress": "9805 Katy Fwy Ste G-200",
    "sAMAccountType": "805306368",
    "primaryGroupID": "513",
    "msExchUMDtmfMap": "emailAddress:728463726284727258",
    "msExchPoliciesExcluded": "{26491cfc-9e50-4857-861b-0cb8df22b5d7}"
  },
  {
    "mail": "test@contractor.murphyoilcorp.com",
    "lastLogonTimestamp": "131658615699453551",
    "postalCode": "77024",
    "division": "Offshore Operations",
    "msExchRecipientTypeDetails": "2147483648",
    "msExchRemoteRecipientType": "3",
    "msExchRecipientDisplayType": "-2147483642",
    "msExchVersion": "88218628259840",
    "userAccountControl": "512",
    "legacyExchangeDN": "/o=Murphy Oil/ou=Exchange Administrative Group (FYDIBOHF23SPDLT)/cn=Recipients/cn=1cb547b7d1684bd1b12b4a0b76f2f295-test1 test1",
    "mailNickname": "test",
    "ipPhone": "+12816475727",
    "physicalDeliveryOfficeName": "11.005C",
    "whenCreated": "20150720124512.0Z",
    "extensionAttribute2": "Active",
    "uSNChanged": "71959347",
    "extensionAttribute1": "Houston - 0329",
    "sAMAccountName": "atchlwv",
    "initials": "V",
    "givenName": "test1",
    "objectClass": "top",
    "proxyAddresses": "x500:/o=ExchangeLabs/ou=Exchange Administrative Group (FYDIBOHF23SPDLT)/cn=Recipients/cn=33e376a77e7c4f7a8e402e119e859e61-test1 Atchl",
    "whenChanged": "20180318155613.0Z",
    "msExchArchiveGUID": "?#IT?$UM?[???[??",
    "name": "test1 test1 (Contractor)",
    "objectSid": "\u0001\u0005\u0000\u0000\u0000\u0000\u0000\u0005\u0015\u0000\u0000\u0000?\bV?H?\u000f?t??wN\u0000\u0000",
    "msDS-cloudExtensionAttribute14": "MOC-6de9a572-01d1-4745-a287-d86ed886e2da",
    "msDS-cloudExtensionAttribute12": "90500539",
    "pwdLastSet": "131595491168391450",
    "objectCategory": "CN=Person,CN=Schema,CN=Configuration,DC=murphyoilcorp,DC=com",
    "telephoneNumber": "+1 281-647-5727",
    "displayName": "test1 test1 (Contractor)",
    "targetAddress": "SMTP:test@murphyoil.onmicrosoft.com",
    "description": "Administrative Assistant-20152015 - Brad Gouge",
    "distinguishedName": "CN=test1 test1 (Contractor),OU=Consultants,OU=Houston,DC=hou,DC=murphyoilcorp,DC=com",
    "employeeID": "6000091",
    "title": "Administrative Assistant Contractor (20000057)",
    "showInAddressBook": "CN=All Users,CN=All Address Lists,CN=Address Lists Container,CN=Murphy Oil,CN=Microsoft Exchange,CN=Services,CN=Configuration,DC=murphyoilcorp,DC=com",
    "thumbnailPhoto": "[B@66d60c6f",
    "objectGUID": "r??m?\u0001EG???n???",
    "dSCorePropagationData": "20180226162948.0Z",
    "uSNCreated": "9599141",
    "memberOf": "CN=SP_GDE_Owners,OU=Sharepoint Groups,OU=El Dorado,DC=murphyoilcorp,DC=com",
    "sn": "test1",
    "department": "Land Operations",
    "userPrincipalName": "test@contractor.murphyoilcorp.com",
    "st": "Texas",
    "c": "USA",
    "manager": "CN=Brad Gouge,OU=Disabled Accounts,DC=hou,DC=murphyoilcorp,DC=com",
    "instanceType": "0",
    "msExchArchiveStatus": "1",
    "msExchUserHoldPolicies": "98E9BABD09A04bcf8455A58C2AA74182365",
    "cn": "test1 test1 (Contractor)",
    "co": "United States",
    "l": "Houston",
    "msExchArchiveName": "In-Place Archive - test1 test1 (Contractor)",
    "streetAddress": "9805 Katy Fwy Ste G-200",
    "sAMAccountType": "805306368",
    "primaryGroupID": "513",
    "msExchUMDtmfMap": "emailAddress:926322824539",
    "msExchPoliciesExcluded": "{26491cfc-9e50-4857-861b-0cb8df22b5d7}"
  }
]